trade_date,next_trade_date,code,name,pool_type,board,pct_chg,close,limit_price,amount,turnover,first_seal_time,last_seal_time,break_count,close_vs_limit,industry,industry_board_rank,industry_limitup_count_today,market_index_trend,emotion_stage,prev_industry_open_good_rate,prev_industry_close_good_rate,prev_industry_sample_count,action_score,risk_score,board_action_quality,broken_board_quality,next_day_premium_risk,realized_label,next_open,next_high,next_close,open_premium,high_premium,close_return,net_open_return,low_open,rushed_high,continued_limit_up,lhb_listed,lhb_net_buy,institution_net,tracked_seats,buy_concentration,sell_concentration,stock_personality_tag,hist_limitup_count_3y,hist_failed_seal_count_3y,hist_failed_seal_rate_3y,hist_n,hist_open_win_rate,hist_no_premium_rate,hist_avg_open,hist_median_open,hist_avg_high,hist_avg_close,strong_is_new_high,strong_volume_ratio,tech_ma5_dev,tech_ma10_dev,tech_gain5,decision_reason,data_gaps,data_lineage
2026-09-02,2026-09-03,000635,英 力 特,涨停,2,9.972298622131348,7.94,,81932066.0,2.81307053565979,09:25:00,09:25:00,0,,化学原料,1,2,指数下跌,情绪退潮,,,0,10,-1,可以打板,,低/可控,待验证/行情缺失,,,,,,,,,,,True,8791046.0,0.0,,0.37296488048229565,0.31496944296396556,样本不足,,,,,,,,,,,是,2.503237247467041,14.21,19.47,26.03,收盘封住涨停；大环境：情绪退潮，只能做前排或强辨识度，后排回避；指数环境：指数下跌；首次封板在10:30前，只作为前排证据之一；2板承接优于普通首板；未炸板；成交额过低，容量和滑点风险高；所属行业在今日涨停/炸板热度前排：化学原料；板块内封板排序第1，属于日内前排；图形新高或强势池新高；今日涨停家数尚可；盘后龙虎榜净买入0.09亿，可改善次日风险,前一交易日本行业涨停样本缺失；同股历史涨停溢价样本不足；T+1行情缺失或未收盘：2026-09-03,AKShare/Eastmoney pools + local technical screener + local historical premium detail + Eastmoney LHB
2026-09-02,2026-09-03,000892,欢瑞世纪,涨停,3,9.936574935913086,5.2,,113256255.0,3.0641651153564453,09:25:00,09:25:00,0,,影视院线,1,2,指数下跌,情绪退潮,,,0,12,2,谨慎可打,,中：需看集合竞价承接,待验证/行情缺失,,,,,,,,,,,False,,,,,,股性偏弱,3,0,0.0,3,0.3333333333333333,0.6666666666666666,0.008926942248577633,-0.008547008547008517,0.04297900016447135,-0.012556142286504332,是,0.5285909175872803,18.56,27.95,36.13,收盘封住涨停；大环境：情绪退潮，只能做前排或强辨识度，后排回避；指数环境：指数下跌；首次封板在10:30前，只作为前排证据之一；3板以上有辨识度；未炸板；换手处于可承接区间；题材/行业热度一般：影视院线；板块内封板排序第1，属于日内前排；图形新高或强势池新高；5日涨幅过高，次日兑现风险；今日涨停家数尚可；三年股性偏弱：涨停样本3，次日开盘有溢价率33.3%，均值0.9%；三年股性偏弱，不进入严格可以打板名单,前一交易日本行业涨停样本缺失；龙虎榜未上榜或未匹配；仅可作为盘后缺失项；T+1行情缺失或未收盘：2026-09-03,AKShare/Eastmoney pools + local technical screener + local historical premium detail + Eastmoney LHB
2026-09-02,2026-09-03,002274,华昌化工,涨停,1,10.046367645263672,7.12,,657312768.0,9.904375076293945,09:25:00,09:55:09,2,,化学原料,2,2,指数下跌,情绪退潮,,,0,8,1,可以打板,,低/可控,待验证/行情缺失,,,,,,,,,,,False,,,,,,样本不足,,,,,,,,,,,是,1.9677891731262207,13.09,17.86,21.92,收盘封住涨停；大环境：情绪退潮，只能做前排或强辨识度，后排回避；指数环境：指数下跌；首次封板在10:30前，只作为前排证据之一；首板/低板位溢价弹性需依赖题材和封板质量；炸板次数2次，可接受但需看承接；换手处于可承接区间；所属行业在今日涨停/炸板热度前排：化学原料；板块内封板排序第2，属于日内前排；图形新高或强势池新高；今日涨停家数尚可,前一交易日本行业涨停样本缺失；同股历史涨停溢价样本不足；龙虎榜未上榜或未匹配；仅可作为盘后缺失项；T+1行情缺失或未收盘：2026-09-03,AKShare/Eastmoney pools + local technical screener + local historical premium detail + Eastmoney LHB
2026-09-02,2026-09-03,002909,集泰股份,涨停,3,9.969788551330566,7.28,,192248850.0,6.941616058349609,09:25:00,09:25:00,0,,化学制品,1,1,指数下跌,情绪退潮,,,0,12,0,可以打板,,低/可控,待验证/行情缺失,,,,,,,,,,,False,,,,,,样本不足,,,,,,,,,,,是,1.162964940071106,18.34,27.85,37.1,收盘封住涨停；大环境：情绪退潮，只能做前排或强辨识度，后排回避；指数环境：指数下跌；首次封板在10:30前，只作为前排证据之一；3板以上有辨识度；未炸板；换手处于可承接区间；题材/行业热度一般：化学制品；板块内封板排序第1，属于日内前排；图形新高或强势池新高；5日涨幅过高，次日兑现风险；今日涨停家数尚可,前一交易日本行业涨停样本缺失；同股历史涨停溢价样本不足；龙虎榜未上榜或未匹配；仅可作为盘后缺失项；T+1行情缺失或未收盘：2026-09-03,AKShare/Eastmoney pools + local technical screener + local historical premium detail + Eastmoney LHB
2026-09-02,2026-09-03,003005,竞业达,涨停,4,10.011000633239746,20.0,,87842620.0,3.2729547023773193,09:25:00,09:25:00,0,,IT服务Ⅱ,1,2,指数下跌,情绪退潮,,,0,11,0,可以打板,,低/可控,待验证/行情缺失,,,,,,,,,,,True,39874878.0,-2901090.0,宁波分公司:联储证券股份有限公司宁波分公司,0.3964341337964793,0.16246744356408685,样本不足,1,0,0.0,1,1.0,0.0,0.015873015873015817,0.015873015873015817,0.04913076341647771,0.01889644746787611,是,0.5544741153717041,19.9,32.46,46.52,收盘封住涨停；大环境：情绪退潮，只能做前排或强辨识度，后排回避；指数环境：指数下跌；首次封板在10:30前，只作为前排证据之一；3板以上有辨识度；未炸板；换手处于可承接区间；成交额过低，容量和滑点风险高；题材/行业热度一般：IT服务Ⅱ；板块内封板排序第1，属于日内前排；图形新高或强势池新高；5日涨幅过高，次日兑现风险；今日涨停家数尚可；盘后龙虎榜净买入0.40亿，可改善次日风险；机构净卖出0.03亿；关注席位上榜：宁波分公司:联储证券股份有限公司宁波分公司,前一交易日本行业涨停样本缺失；同股历史涨停溢价样本不足；T+1行情缺失或未收盘：2026-09-03,AKShare/Eastmoney pools + local technical screener + local historical premium detail + Eastmoney LHB
2026-09-02,2026-09-03,601086,国芳集团,涨停,4,10.009910583496094,11.1,,64402200.0,0.8711711764335632,09:25:00,09:25:00,0,,一般零售,2,2,指数下跌,情绪退潮,,,0,9,1,可以打板,,低/可控,待验证/行情缺失,,,,,,,,,,,True,24587838.99,0.0,,0.14278340182841837,0.07603824242535408,样本不足,1,1,1.0,1,0.0,1.0,-0.02069857697283317,-0.02069857697283317,0.08667529107373872,0.03622250970245777,是,0.3237004578113556,19.92,32.19,48.2,收盘封住涨停；大环境：情绪退潮，只能做前排或强辨识度，后排回避；指数环境：指数下跌；首次封板在10:30前，只作为前排证据之一；3板以上有辨识度；未炸板；换手过低，成交验证不足；成交额过低，容量和滑点风险高；题材/行业热度一般：一般零售；板块内封板排序第2，属于日内前排；图形新高或强势池新高；5日涨幅过高，次日兑现风险；今日涨停家数尚可；盘后龙虎榜净买入0.25亿，可改善次日风险,前一交易日本行业涨停样本缺失；同股历史涨停溢价样本不足；T+1行情缺失或未收盘：2026-09-03,AKShare/Eastmoney pools + local technical screener + local historical premium detail + Eastmoney LHB
2026-09-02,2026-09-03,600828,茂业商业,涨停,2,10.068650245666504,4.81,,218277726.0,2.65641188621521,09:25:01,09:45:43,1,,一般零售,1,2,指数下跌,情绪退潮,,,0,8,0,可以打板,,低/可控,待验证/行情缺失,,,,,,,,,,,True,37046573.05,-6872262.0,拉萨系:东方财富证券股份有限公司拉萨达孜区虎峰大道证券营业部,0.31031189297308753,0.16163290020116947,样本不足,,,,,,,,,,,是,3.195810317993164,13.12,17.32,21.46,收盘封住涨停；大环境：情绪退潮，只能做前排或强辨识度，后排回避；指数环境：指数下跌；首次封板在10:30前，只作为前排证据之一；2板承接优于普通首板；炸板次数1次，可接受但需看承接；题材/行业热度一般：一般零售；板块内封板排序第1，属于日内前排；图形新高或强势池新高；今日涨停家数尚可；盘后龙虎榜净买入0.37亿，可改善次日风险；机构净卖出0.07亿；关注席位上榜：拉萨系:东方财富证券股份有限公司拉萨达孜区虎峰大道证券营业部,前一交易日本行业涨停样本缺失；同股历史涨停溢价样本不足；T+1行情缺失或未收盘：2026-09-03,AKShare/Eastmoney pools + local technical screener + local historical premium detail + Eastmoney LHB
2026-09-02,2026-09-03,600892,大晟文化,涨停,3,10.082304000854492,5.35,,60004530.0,2.005258083343506,09:25:03,09:25:03,0,,游戏Ⅱ,1,1,指数下跌,情绪退潮,,,0,11,-1,可以打板,,低/可控,待验证/行情缺失,,,,,,,,,,,True,21519840.0,0.0,,0.7473920718985717,0.3887551489862515,股性偏强,3,3,1.0,3,0.6666666666666666,0.3333333333333333,0.037504650586892306,0.06613756613756627,0.055518713724681756,0.0336846525893106,是,0.33790823817253113,18.15,27.53,32.1,收盘封住涨停；大环境：情绪退潮，只能做前排或强辨识度，后排回避；指数环境：指数下跌；首次封板在10:30前，只作为前排证据之一；3板以上有辨识度；未炸板；成交额过低，容量和滑点风险高；题材/行业热度一般：游戏Ⅱ；板块内封板排序第1，属于日内前排；图形新高或强势池新高；今日涨停家数尚可；三年股性偏强：涨停样本3，次日开盘有溢价率66.7%，均值3.8%；历史封板稳定性一般：涨停/炸板样本中未封住比例100.0%；盘后龙虎榜净买入0.22亿，可改善次日风险,前一交易日本行业涨停样本缺失；T+1行情缺失或未收盘：2026-09-03,AKShare/Eastmoney pools + local technical screener + local historical premium detail + Eastmoney LHB
2026-09-02,2026-09-03,002632,道明光学,涨停,1,10.022271156311035,9.88,,358957504.0,6.372147560119629,09:30:15,09:30:48,1,,塑料,1,2,指数下跌,情绪退潮,,,0,6,2,谨慎可打,,中：需看集合竞价承接,待验证/行情缺失,,,,,,,,,,,False,,,,,,样本不足,,,,,,,,,,,,,11.39,13.89,16.24,收盘封住涨停；大环境：情绪退潮，只能做前排或强辨识度，后排回避；指数环境：指数下跌；首次封板在10:30前，只作为前排证据之一；首板/低板位溢价弹性需依赖题材和封板质量；炸板次数1次，可接受但需看承接；换手处于可承接区间；题材/行业热度一般：塑料；板块内封板排序第1，属于日内前排；今日涨停家数尚可,前一交易日本行业涨停样本缺失；同股历史涨停溢价样本不足；龙虎榜未上榜或未匹配；仅可作为盘后缺失项；T+1行情缺失或未收盘：2026-09-03,AKShare/Eastmoney pools + local technical screener + local historical premium detail + Eastmoney LHB
2026-09-02,2026-09-03,603207,小方制药,涨停,2,10.0,27.94,,365592000.0,24.16107749938965,09:30:44,09:51:41,1,,化学制药,1,1,指数下跌,情绪退潮,,,0,8,1,可以打板,,低/可控,待验证/行情缺失,,,,,,,,,,,True,4366158.31,-17452086.0,,0.11249337554875471,0.10399559622739293,样本不足,,,,,,,,,,,是,4.51475191116333,13.37,15.91,19.55,收盘封住涨停；大环境：情绪退潮，只能做前排或强辨识度，后排回避；指数环境：指数下跌；首次封板在10:30前，只作为前排证据之一；2板承接优于普通首板；炸板次数1次，可接受但需看承接；题材/行业热度一般：化学制药；板块内封板排序第1，属于日内前排；图形新高或强势池新高；今日涨停家数尚可；盘后龙虎榜净买入0.04亿，可改善次日风险；机构净卖出0.17亿,前一交易日本行业涨停样本缺失；同股历史涨停溢价样本不足；T+1行情缺失或未收盘：2026-09-03,AKShare/Eastmoney pools + local technical screener + local historical premium detail + Eastmoney LHB
2026-09-02,2026-09-03,600830,香溢融通,涨停,2,9.967496871948242,10.15,,381073840.0,8.365405082702637,09:31:33,09:37:36,1,,多元金融,1,1,指数下跌,情绪退潮,,,0,9,0,可以打板,,低/可控,待验证/行情缺失,,,,,,,,,,,True,7489472.90000001,0.0,,0.16422480420144514,0.1496813731375714,样本不足,,,,,,,,,,,是,5.229413032531738,13.69,18.15,19.55,收盘封住涨停；大环境：情绪退潮，只能做前排或强辨识度，后排回避；指数环境：指数下跌；首次封板在10:30前，只作为前排证据之一；2板承接优于普通首板；炸板次数1次，可接受但需看承接；换手处于可承接区间；题材/行业热度一般：多元金融；板块内封板排序第1，属于日内前排；图形新高或强势池新高；今日涨停家数尚可；盘后龙虎榜净买入0.07亿，可改善次日风险,前一交易日本行业涨停样本缺失；同股历史涨停溢价样本不足；T+1行情缺失或未收盘：2026-09-03,AKShare/Eastmoney pools + local technical screener + local historical premium detail + Eastmoney LHB
2026-09-02,2026-09-03,000852,石化机械,涨停,1,9.981851577758789,6.06,,348293120.0,6.122979164123535,09:32:21,11:03:15,1,,专用设备,2,3,指数下跌,情绪退潮,,,0,8,1,可以打板,,低/可控,待验证/行情缺失,,,,,,,,,,,False,,,,,,样本不足,,,,,,,,,,,是,4.215304851531982,8.25,11.36,11.6,收盘封住涨停；大环境：情绪退潮，只能做前排或强辨识度，后排回避；指数环境：指数下跌；首次封板在10:30前，只作为前排证据之一；首板/低板位溢价弹性需依赖题材和封板质量；炸板次数1次，可接受但需看承接；换手处于可承接区间；所属行业在今日涨停/炸板热度前排：专用设备；板块内封板排序第2，属于日内前排；图形新高或强势池新高；今日涨停家数尚可,前一交易日本行业涨停样本缺失；同股历史涨停溢价样本不足；龙虎榜未上榜或未匹配；仅可作为盘后缺失项；T+1行情缺失或未收盘：2026-09-03,AKShare/Eastmoney pools + local technical screener + local historical premium detail + Eastmoney LHB
2026-09-02,2026-09-03,002265,建设工业,涨停,1,10.005130767822266,21.44,,377639472.0,1.7290620803833008,09:32:42,09:32:57,1,,汽车零部,1,5,指数下跌,情绪退潮,,,0,6,1,谨慎可打,,低/可控,待验证/行情缺失,,,,,,,,,,,False,,,,,,样本不足,1,0,0.0,1,0.0,1.0,-0.02119958634953467,-0.02119958634953467,0.0713547052740433,0.024301964839710477,,,10.25,13.53,16.65,收盘封住涨停；大环境：情绪退潮，只能做前排或强辨识度，后排回避；指数环境：指数下跌；首次封板在10:30前，只作为前排证据之一；首板/低板位溢价弹性需依赖题材和封板质量；炸板次数1次，可接受但需看承接；所属行业在今日涨停/炸板热度前排：汽车零部；板块内封板排序第1，属于日内前排；今日涨停家数尚可,前一交易日本行业涨停样本缺失；同股历史涨停溢价样本不足；龙虎榜未上榜或未匹配；仅可作为盘后缺失项；T+1行情缺失或未收盘：2026-09-03,AKShare/Eastmoney pools + local technical screener + local historical premium detail + Eastmoney LHB
2026-09-02,2026-09-03,601566,九牧王,涨停,2,9.978768348693848,10.36,,492159520.0,8.50383186340332,09:34:08,13:12:17,2,,服装家纺,1,4,指数下跌,情绪退潮,,,0,9,1,可以打板,,低/可控,待验证/行情缺失,,,,,,,,,,,True,-15173142.93,0.0,,0.14034367499514153,0.16423534281676597,样本不足,,,,,,,,,,,否,6.4136199951171875,14.83,19.03,23.78,收盘封住涨停；大环境：情绪退潮，只能做前排或强辨识度，后排回避；指数环境：指数下跌；首次封板在10:30前，只作为前排证据之一；2板承接优于普通首板；炸板次数2次，可接受但需看承接；换手处于可承接区间；所属行业在今日涨停/炸板热度前排：服装家纺；板块内封板排序第1，属于日内前排；今日涨停家数尚可；盘后龙虎榜净卖出0.15亿，次日风险上升,前一交易日本行业涨停样本缺失；同股历史涨停溢价样本不足；T+1行情缺失或未收盘：2026-09-03,AKShare/Eastmoney pools + local technical screener + local historical premium detail + Eastmoney LHB
2026-09-02,2026-09-03,002999,天禾股份,涨停,1,10.060060501098633,7.33,,387163824.0,15.442293167114258,09:34:36,10:36:39,2,,农化制品,1,1,指数下跌,情绪退潮,,,0,7,2,谨慎可打,,中：需看集合竞价承接,待验证/行情缺失,,,,,,,,,,,False,,,,,,样本不足,,,,,,,,,,,是,3.6456472873687744,10.09,14.85,16.53,收盘封住涨停；大环境：情绪退潮，只能做前排或强辨识度，后排回避；指数环境：指数下跌；首次封板在10:30前，只作为前排证据之一；首板/低板位溢价弹性需依赖题材和封板质量；炸板次数2次，可接受但需看承接；换手处于可承接区间；题材/行业热度一般：农化制品；板块内封板排序第1，属于日内前排；图形新高或强势池新高；今日涨停家数尚可,前一交易日本行业涨停样本缺失；同股历史涨停溢价样本不足；龙虎榜未上榜或未匹配；仅可作为盘后缺失项；T+1行情缺失或未收盘：2026-09-03,AKShare/Eastmoney pools + local technical screener + local historical premium detail + Eastmoney LHB
2026-09-02,2026-09-03,600967,内蒙一机,涨停,2,10.008203506469727,13.41,,845514048.0,3.8202970027923584,09:34:45,09:34:45,0,,地面兵装,1,2,指数下跌,情绪退潮,,,0,11,-2,可以打板,,低/可控,待验证/行情缺失,,,,,,,,,,,True,212062427.47,0.0,宁波分公司:国元证券股份有限公司宁波分公司；拉萨系:东方财富证券股份有限公司拉萨东环路第二证券营业部；松江中山东路:国泰海通证券股份有限公司上海松江区中山东路证券营业部,0.1874976300193508,0.05985161412606882,样本不足,,,,,,,,,,,是,2.489814281463623,13.62,18.01,21.03,收盘封住涨停；大环境：情绪退潮，只能做前排或强辨识度，后排回避；指数环境：指数下跌；首次封板在10:30前，只作为前排证据之一；2板承接优于普通首板；未炸板；换手处于可承接区间；题材/行业热度一般：地面兵装；板块内封板排序第1，属于日内前排；图形新高或强势池新高；今日涨停家数尚可；盘后龙虎榜净买入2.12亿，可改善次日风险；关注席位上榜：宁波分公司:国元证券股份有限公司宁波分公司；拉萨系:东方财富证券股份有限公司拉萨东环路第二证券营业部；松江中山东路:国泰海通证券股份有限公司上海松江区中山东路证,前一交易日本行业涨停样本缺失；同股历史涨停溢价样本不足；T+1行情缺失或未收盘：2026-09-03,AKShare/Eastmoney pools + local technical screener + local historical premium detail + Eastmoney LHB
2026-09-02,2026-09-03,601606,长城军工,涨停,1,10.00300407409668,36.62,,2140114928.0,8.200071334838867,09:35:57,09:46:36,1,,地面兵装,2,2,指数下跌,情绪退潮,,,0,8,1,可以打板,,低/可控,待验证/行情缺失,,,,,,,,,,,False,,,,,,股性偏强,4,1,0.25,4,1.0,0.0,0.038525975813513746,0.0420117820111674,0.08441427607850555,0.03401092320776747,,,11.09,15.11,19.56,收盘封住涨停；大环境：情绪退潮，只能做前排或强辨识度，后排回避；指数环境：指数下跌；首次封板在10:30前，只作为前排证据之一；首板/低板位溢价弹性需依赖题材和封板质量；炸板次数1次，可接受但需看承接；换手处于可承接区间；成交额较大，具备市场辨识度；题材/行业热度一般：地面兵装；板块内封板排序第2，属于日内前排；今日涨停家数尚可；三年股性偏强：涨停样本4，次日开盘有溢价率100.0%，均值3.9%,前一交易日本行业涨停样本缺失；龙虎榜未上榜或未匹配；仅可作为盘后缺失项；T+1行情缺失或未收盘：2026-09-03,AKShare/Eastmoney pools + local technical screener + local historical premium detail + Eastmoney LHB
2026-09-02,2026-09-03,603978,深圳新星,涨停,1,10.024331092834473,22.61,,415413232.0,8.871553421020508,09:37:44,10:09:14,1,,金属新材,1,1,指数下跌,情绪退潮,,,0,6,2,谨慎可打,,中：需看集合竞价承接,待验证/行情缺失,,,,,,,,,,,True,66714301.19,-8224674.0,,0.3470537361967353,0.18645629602710606,样本不足,,,,,,,,,,,否,1.3782637119293213,10.8,15.06,18.19,收盘封住涨停；大环境：情绪退潮，只能做前排或强辨识度，后排回避；指数环境：指数下跌；首次封板在10:30前，只作为前排证据之一；首板/低板位溢价弹性需依赖题材和封板质量；炸板次数1次，可接受但需看承接；换手处于可承接区间；题材/行业热度一般：金属新材；板块内封板排序第1，属于日内前排；今日涨停家数尚可；盘后龙虎榜净买入0.67亿，可改善次日风险；机构净卖出0.08亿,前一交易日本行业涨停样本缺失；同股历史涨停溢价样本不足；T+1行情缺失或未收盘：2026-09-03,AKShare/Eastmoney pools + local technical screener + local historical premium detail + Eastmoney LHB
2026-09-02,2026-09-03,605577,龙版传媒,涨停,3,10.017123222351074,12.85,,325715264.0,5.99834680557251,09:38:05,09:38:05,0,,出版,1,1,指数下跌,情绪退潮,,,0,12,-1,可以打板,,低/可控,待验证/行情缺失,,,,,,,,,,,False,,,,,,样本不足,,,,,,,,,,,是,2.3311760425567627,18.17,24.25,32.75,收盘封住涨停；大环境：情绪退潮，只能做前排或强辨识度，后排回避；指数环境：指数下跌；首次封板在10:30前，只作为前排证据之一；3板以上有辨识度；未炸板；换手处于可承接区间；题材/行业热度一般：出版；板块内封板排序第1，属于日内前排；图形新高或强势池新高；今日涨停家数尚可,前一交易日本行业涨停样本缺失；同股历史涨停溢价样本不足；龙虎榜未上榜或未匹配；仅可作为盘后缺失项；T+1行情缺失或未收盘：2026-09-03,AKShare/Eastmoney pools + local technical screener + local historical premium detail + Eastmoney LHB
2026-09-02,2026-09-03,002886,沃特股份,涨停,1,9.985734939575195,30.84,,1157777808.0,18.77956199645996,09:38:30,09:38:30,0,,塑料,2,2,指数下跌,情绪退潮,,,0,7,2,谨慎可打,,中：需看集合竞价承接,待验证/行情缺失,,,,,,,,,,,True,136162171.1,-56994451.199999996,,0.22701884090699379,0.1549886588429064,样本不足,1,0,0.0,1,0.0,1.0,-0.0197740112994349,-0.0197740112994349,-0.004237288135593209,-0.03578154425612046,否,0.9176861047744751,11.48,27.21,41.34,收盘封住涨停；大环境：情绪退潮，只能做前排或强辨识度，后排回避；指数环境：指数下跌；首次封板在10:30前，只作为前排证据之一；首板/低板位溢价弹性需依赖题材和封板质量；未炸板；题材/行业热度一般：塑料；板块内封板排序第2，属于日内前排；5日涨幅过高，次日兑现风险；今日涨停家数尚可；盘后龙虎榜净买入1.36亿，可改善次日风险；机构净卖出0.57亿,前一交易日本行业涨停样本缺失；同股历史涨停溢价样本不足；T+1行情缺失或未收盘：2026-09-03,AKShare/Eastmoney pools + local technical screener + local historical premium detail + Eastmoney LHB
2026-09-02,2026-09-03,600869,远东股份,涨停,1,9.98307991027832,19.5,,3431846864.0,8.121063232421875,09:39:13,09:39:43,1,,电网设备,1,4,指数下跌,情绪退潮,,,0,8,1,可以打板,,低/可控,待验证/行情缺失,,,,,,,,,,,False,,,,,,样本不足,,,,,,,,,,,,,4.94,10.73,12.59,收盘封住涨停；大环境：情绪退潮，只能做前排或强辨识度，后排回避；指数环境：指数下跌；首次封板在10:30前，只作为前排证据之一；首板/低板位溢价弹性需依赖题材和封板质量；炸板次数1次，可接受但需看承接；换手处于可承接区间；成交额较大，具备市场辨识度；所属行业在今日涨停/炸板热度前排：电网设备；板块内封板排序第1，属于日内前排；今日涨停家数尚可,前一交易日本行业涨停样本缺失；同股历史涨停溢价样本不足；龙虎榜未上榜或未匹配；仅可作为盘后缺失项；T+1行情缺失或未收盘：2026-09-03,AKShare/Eastmoney pools + local technical screener + local historical premium detail + Eastmoney LHB
2026-09-02,2026-09-03,605006,山东玻纤,涨停,1,9.993108749389648,15.96,,962478368.0,9.437015533447266,09:42:30,10:01:06,2,,玻璃玻纤,1,2,指数下跌,情绪退潮,,,0,6,2,谨慎可打,,中：需看集合竞价承接,待验证/行情缺失,,,,,,,,,,,False,,,,,,样本不足,1,0,0.0,1,0.0,1.0,-0.012875536480686622,-0.012875536480686622,0.008583690987124415,-0.06008583690987124,否,1.6492716073989868,6.02,10.4,16.5,收盘封住涨停；大环境：情绪退潮，只能做前排或强辨识度，后排回避；指数环境：指数下跌；首次封板在10:30前，只作为前排证据之一；首板/低板位溢价弹性需依赖题材和封板质量；炸板次数2次，可接受但需看承接；换手处于可承接区间；题材/行业热度一般：玻璃玻纤；板块内封板排序第1，属于日内前排；今日涨停家数尚可,前一交易日本行业涨停样本缺失；同股历史涨停溢价样本不足；龙虎榜未上榜或未匹配；仅可作为盘后缺失项；T+1行情缺失或未收盘：2026-09-03,AKShare/Eastmoney pools + local technical screener + local historical premium detail + Eastmoney LHB
2026-09-02,2026-09-03,600903,贵州燃气,涨停,1,9.953344345092773,7.07,,515139824.0,6.464149475097656,09:44:12,09:44:12,0,,燃气Ⅱ,1,1,指数下跌,情绪退潮,,,0,8,1,可以打板,,低/可控,待验证/行情缺失,,,,,,,,,,,False,,,,,,样本不足,,,,,,,,,,,,,8.87,11.55,11.34,收盘封住涨停；大环境：情绪退潮，只能做前排或强辨识度，后排回避；指数环境：指数下跌；首次封板在10:30前，只作为前排证据之一；首板/低板位溢价弹性需依赖题材和封板质量；未炸板；换手处于可承接区间；题材/行业热度一般：燃气Ⅱ；板块内封板排序第1，属于日内前排；今日涨停家数尚可,前一交易日本行业涨停样本缺失；同股历史涨停溢价样本不足；龙虎榜未上榜或未匹配；仅可作为盘后缺失项；T+1行情缺失或未收盘：2026-09-03,AKShare/Eastmoney pools + local technical screener + local historical premium detail + Eastmoney LHB
2026-09-02,2026-09-03,002201,九鼎新材,涨停,1,10.023866653442383,9.22,,386601792.0,7.07232666015625,09:46:09,10:06:48,3,,玻璃玻纤,2,2,指数下跌,情绪退潮,,,0,5,3,谨慎可打,,中：需看集合竞价承接,待验证/行情缺失,,,,,,,,,,,False,,,,,,样本不足,,,,,,,,,,,,,8.19,11.07,12.85,收盘封住涨停；大环境：情绪退潮，只能做前排或强辨识度，后排回避；指数环境：指数下跌；首次封板在10:30前，只作为前排证据之一；首板/低板位溢价弹性需依赖题材和封板质量；炸板次数3次，封板稳定性一般；换手处于可承接区间；题材/行业热度一般：玻璃玻纤；板块内封板排序第2，属于日内前排；今日涨停家数尚可,前一交易日本行业涨停样本缺失；同股历史涨停溢价样本不足；龙虎榜未上榜或未匹配；仅可作为盘后缺失项；T+1行情缺失或未收盘：2026-09-03,AKShare/Eastmoney pools + local technical screener + local historical premium detail + Eastmoney LHB
2026-09-02,2026-09-03,002300,太阳电缆,涨停,1,9.942362785339355,7.63,,423822608.0,7.861563682556152,09:46:27,09:48:54,2,,电网设备,2,4,指数下跌,情绪退潮,,,0,7,3,谨慎可打,,中：需看集合竞价承接,待验证/行情缺失,,,,,,,,,,,False,,,,,,股性偏弱,3,2,0.6666666666666666,3,0.3333333333333333,0.6666666666666666,-0.003978978045159121,-0.013924050632911467,0.06350199453351779,0.03825685279702292,,,8.84,11.09,11.71,收盘封住涨停；大环境：情绪退潮，只能做前排或强辨识度，后排回避；指数环境：指数下跌；首次封板在10:30前，只作为前排证据之一；首板/低板位溢价弹性需依赖题材和封板质量；炸板次数2次，可接受但需看承接；换手处于可承接区间；所属行业在今日涨停/炸板热度前排：电网设备；板块内封板排序第2，属于日内前排；今日涨停家数尚可；三年股性偏弱：涨停样本3，次日开盘有溢价率33.3%，均值-0.4%；历史封板稳定性一般：涨停/炸板样本中未封住比例66.7%,前一交易日本行业涨停样本缺失；龙虎榜未上榜或未匹配；仅可作为盘后缺失项；T+1行情缺失或未收盘：2026-09-03,AKShare/Eastmoney pools + local technical screener + local historical premium detail + Eastmoney LHB
2026-09-02,2026-09-03,002893,京能热力,涨停,1,10.049261093139648,11.17,,491117760.0,22.090368270874023,09:48:39,10:40:39,3,,电力,1,1,指数下跌,情绪退潮,,,0,5,3,谨慎可打,,中：需看集合竞价承接,待验证/行情缺失,,,,,,,,,,,False,,,,,,样本不足,,,,,,,,,,,是,7.327546119689941,8.87,10.66,11.03,收盘封住涨停；大环境：情绪退潮，只能做前排或强辨识度，后排回避；指数环境：指数下跌；首次封板在10:30前，只作为前排证据之一；首板/低板位溢价弹性需依赖题材和封板质量；炸板次数3次，封板稳定性一般；题材/行业热度一般：电力；板块内封板排序第1，属于日内前排；图形新高或强势池新高；今日涨停家数尚可,前一交易日本行业涨停样本缺失；同股历史涨停溢价样本不足；龙虎榜未上榜或未匹配；仅可作为盘后缺失项；T+1行情缺失或未收盘：2026-09-03,AKShare/Eastmoney pools + local technical screener + local historical premium detail + Eastmoney LHB
2026-09-02,2026-09-03,002059,云南旅游,涨停,1,10.06289291381836,5.25,,368884416.0,7.171453475952148,09:50:27,14:32:51,1,,旅游及景,1,1,指数下跌,情绪退潮,,,0,7,2,谨慎可打,,中：需看集合竞价承接,待验证/行情缺失,,,,,,,,,,,False,,,,,,样本不足,,,,,,,,,,,是,6.337532043457031,9.42,12.71,14.38,收盘封住涨停；大环境：情绪退潮，只能做前排或强辨识度，后排回避；指数环境：指数下跌；首次封板在10:30前，只作为前排证据之一；首板/低板位溢价弹性需依赖题材和封板质量；炸板次数1次，可接受但需看承接；换手处于可承接区间；题材/行业热度一般：旅游及景；板块内封板排序第1，属于日内前排；图形新高或强势池新高；今日涨停家数尚可,前一交易日本行业涨停样本缺失；同股历史涨停溢价样本不足；龙虎榜未上榜或未匹配；仅可作为盘后缺失项；T+1行情缺失或未收盘：2026-09-03,AKShare/Eastmoney pools + local technical screener + local historical premium detail + Eastmoney LHB
2026-09-02,2026-09-03,002639,雪人集团,涨停,1,10.033166885375977,13.27,,858562000.0,10.145293235778809,09:53:51,09:53:51,0,,通用设备,1,2,指数下跌,情绪退潮,,,0,8,1,可以打板,,低/可控,待验证/行情缺失,,,,,,,,,,,False,,,,,,样本不足,,,,,,,,,,,,,8.63,11.53,13.03,收盘封住涨停；大环境：情绪退潮，只能做前排或强辨识度，后排回避；指数环境：指数下跌；首次封板在10:30前，只作为前排证据之一；首板/低板位溢价弹性需依赖题材和封板质量；未炸板；换手处于可承接区间；题材/行业热度一般：通用设备；板块内封板排序第1，属于日内前排；今日涨停家数尚可,前一交易日本行业涨停样本缺失；同股历史涨停溢价样本不足；龙虎榜未上榜或未匹配；仅可作为盘后缺失项；T+1行情缺失或未收盘：2026-09-03,AKShare/Eastmoney pools + local technical screener + local historical premium detail + Eastmoney LHB
2026-09-02,2026-09-03,002536,飞龙股份,涨停,1,10.001893997192383,58.07,,3259697792.0,10.60001277923584,09:56:24,10:26:12,2,,汽车零部,2,5,指数下跌,情绪退潮,,,0,9,-2,可以打板,,低/可控,待验证/行情缺失,,,,,,,,,,,True,458781627.9,94316410.53,武汉紫阳东路:国泰海通证券股份有限公司武汉紫阳东路证券营业部,0.18752413311223576,0.10027332685075896,样本不足,2,0,0.0,2,1.0,0.0,0.04693998210299555,0.04693998210299555,0.10001753020725213,0.06932206370408611,,,6.23,13.27,17.79,收盘封住涨停；大环境：情绪退潮，只能做前排或强辨识度，后排回避；指数环境：指数下跌；首次封板在10:30前，只作为前排证据之一；首板/低板位溢价弹性需依赖题材和封板质量；炸板次数2次，可接受但需看承接；换手处于可承接区间；成交额较大，具备市场辨识度；所属行业在今日涨停/炸板热度前排：汽车零部；板块内封板排序第2，属于日内前排；接近年/三年高点，图形有辨识度；今日涨停家数尚可；盘后龙虎榜净买入4.59亿，可改善次日风险；机构净买入0.94亿；关注席位上榜：武汉紫阳东路:国泰海通证券股份有限公司武汉紫阳东路证券营业部,前一交易日本行业涨停样本缺失；同股历史涨停溢价样本不足；T+1行情缺失或未收盘：2026-09-03,AKShare/Eastmoney pools + local technical screener + local historical premium detail + Eastmoney LHB
2026-09-02,2026-09-03,920212,智新电子,涨停,1,29.95391845703125,14.1,,133003701.0,19.49669075012207,09:58:51,09:58:51,0,,消费电子,1,2,指数下跌,情绪退潮,,,0,8,2,可以打板,,中：需看集合竞价承接,待验证/行情缺失,,,,,,,,,,,True,457690.470000003,-17577399.549999997,,0.22116076612906257,0.23623824337217686,样本不足,,,,,,,,,,,是,8.89936637878418,29.88,37.9,47.95,收盘封住涨停；大环境：情绪退潮，只能做前排或强辨识度，后排回避；指数环境：指数下跌；首次封板在10:30前，只作为前排证据之一；首板/低板位溢价弹性需依赖题材和封板质量；未炸板；题材/行业热度一般：消费电子；板块内封板排序第1，属于日内前排；图形新高或强势池新高；5日涨幅过高，次日兑现风险；今日涨停家数尚可；盘后龙虎榜净买入0.00亿，可改善次日风险；机构净卖出0.18亿,前一交易日本行业涨停样本缺失；同股历史涨停溢价样本不足；T+1行情缺失或未收盘：2026-09-03,AKShare/Eastmoney pools + local technical screener + local historical premium detail + Eastmoney LHB
2026-09-02,2026-09-03,603778,国晟科技,涨停,1,10.030706405639648,10.75,,837168608.0,12.554683685302734,10:09:39,10:12:42,1,,光伏设备,1,1,指数下跌,情绪退潮,,,0,5,2,谨慎可打,,中：需看集合竞价承接,待验证/行情缺失,,,,,,,,,,,True,69442214.78,0.0,,0.23020027543961774,0.14725137538393804,样本不足,1,1,1.0,1,1.0,0.0,0.026156941649899457,0.026156941649899457,0.05633802816901423,0.04426559356136828,否,1.7074472904205322,7.29,10.97,14.97,收盘封住涨停；大环境：情绪退潮，只能做前排或强辨识度，后排回避；指数环境：指数下跌；首次封板偏晚，需要板块发酵、股性或大环境确认；首板/低板位溢价弹性需依赖题材和封板质量；炸板次数1次，可接受但需看承接；换手处于可承接区间；题材/行业热度一般：光伏设备；板块内封板排序第1，属于日内前排；今日涨停家数尚可；盘后龙虎榜净买入0.69亿，可改善次日风险,前一交易日本行业涨停样本缺失；同股历史涨停溢价样本不足；T+1行情缺失或未收盘：2026-09-03,AKShare/Eastmoney pools + local technical screener + local historical premium detail + Eastmoney LHB
2026-09-02,2026-09-03,603216,梦天家居,涨停,1,10.0,24.09,,259540018.0,5.073330402374268,10:10:40,10:11:14,1,,家居用品,2,2,指数下跌,情绪退潮,,,0,6,3,谨慎可打,,中：需看集合竞价承接,待验证/行情缺失,,,,,,,,,,,False,,,,,,样本不足,,,,,,,,,,,是,2.0464842319488525,9.68,12.46,16.32,收盘封住涨停；大环境：情绪退潮，只能做前排或强辨识度，后排回避；指数环境：指数下跌；首次封板偏晚，需要板块发酵、股性或大环境确认；首板/低板位溢价弹性需依赖题材和封板质量；炸板次数1次，可接受但需看承接；换手处于可承接区间；题材/行业热度一般：家居用品；板块内封板排序第2，属于日内前排；图形新高或强势池新高；今日涨停家数尚可,前一交易日本行业涨停样本缺失；同股历史涨停溢价样本不足；龙虎榜未上榜或未匹配；仅可作为盘后缺失项；T+1行情缺失或未收盘：2026-09-03,AKShare/Eastmoney pools + local technical screener + local historical premium detail + Eastmoney LHB
2026-09-02,2026-09-03,002104,恒宝股份,涨停,2,10.016286849975586,13.51,,1771733392.0,22.985443115234375,10:19:42,10:53:45,1,,通信设备,1,2,指数下跌,情绪退潮,,,0,7,3,谨慎可打,,中：需看集合竞价承接,待验证/行情缺失,,,,,,,,,,,True,-27543962.47,-165586693.38,成都北一环:国泰海通证券股份有限公司成都北一环路证券营业部,0.14777437207649763,0.19590397219255246,样本不足,1,0,0.0,1,1.0,0.0,0.005952380952380931,0.005952380952380931,0.020408163265306145,-0.05102040816326525,是,2.1996805667877197,11.78,17.03,18.3,收盘封住涨停；大环境：情绪退潮，只能做前排或强辨识度，后排回避；指数环境：指数下跌；首次封板偏晚，需要板块发酵、股性或大环境确认；2板承接优于普通首板；炸板次数1次，可接受但需看承接；题材/行业热度一般：通信设备；板块内封板排序第1，属于日内前排；图形新高或强势池新高；今日涨停家数尚可；盘后龙虎榜净卖出0.28亿，次日风险上升；机构净卖出1.66亿；关注席位上榜：成都北一环:国泰海通证券股份有限公司成都北一环路证券营业部,前一交易日本行业涨停样本缺失；同股历史涨停溢价样本不足；T+1行情缺失或未收盘：2026-09-03,AKShare/Eastmoney pools + local technical screener + local historical premium detail + Eastmoney LHB
2026-09-02,2026-09-03,920176,维琪科技,涨停,1,29.985280990600586,70.66,,223532793.0,44.117427825927734,10:41:18,10:41:18,0,,化妆品,1,1,指数下跌,情绪退潮,,,0,6,0,谨慎可打,,低/可控,待验证/行情缺失,,,,,,,,,,,True,34658120.5,68948875.28999999,拉萨系:东方财富证券股份有限公司拉萨东环路第二证券营业部,0.26450441961985,0.14474580714776533,样本不足,,,,,,,,,,,,,17.53,19.85,10.32,收盘封住涨停；大环境：情绪退潮，只能做前排或强辨识度，后排回避；指数环境：指数下跌；首次封板偏晚，需要板块发酵、股性或大环境确认；首板/低板位溢价弹性需依赖题材和封板质量；未炸板；换手过高，次日抛压风险上升；题材/行业热度一般：化妆品；板块内封板排序第1，属于日内前排；今日涨停家数尚可；盘后龙虎榜净买入0.35亿，可改善次日风险；机构净买入0.69亿；关注席位上榜：拉萨系:东方财富证券股份有限公司拉萨东环路第二证券营业部,前一交易日本行业涨停样本缺失；同股历史涨停溢价样本不足；T+1行情缺失或未收盘：2026-09-03,AKShare/Eastmoney pools + local technical screener + local historical premium detail + Eastmoney LHB
2026-09-02,2026-09-03,603530,神马电力,涨停,1,9.997817039489746,50.39,,393086560.0,1.8808611631393433,10:42:11,10:42:11,0,,电网设备,3,4,指数下跌,情绪退潮,,,0,7,1,谨慎可打,,低/可控,待验证/行情缺失,,,,,,,,,,,False,,,,,,样本不足,,,,,,,,,,,,,5.67,5.5,6.53,收盘封住涨停；大环境：情绪退潮，只能做前排或强辨识度，后排回避；指数环境：指数下跌；首次封板偏晚，需要板块发酵、股性或大环境确认；首板/低板位溢价弹性需依赖题材和封板质量；未炸板；所属行业在今日涨停/炸板热度前排：电网设备；板块内封板排序第3，属于日内前排；今日涨停家数尚可,前一交易日本行业涨停样本缺失；同股历史涨停溢价样本不足；龙虎榜未上榜或未匹配；仅可作为盘后缺失项；T+1行情缺失或未收盘：2026-09-03,AKShare/Eastmoney pools + local technical screener + local historical premium detail + Eastmoney LHB
2026-09-02,2026-09-03,000628,高新发展,涨停,1,9.997992515563965,54.79,,928956464.0,9.080155372619629,10:43:12,10:43:12,0,,房屋建设,1,1,指数下跌,情绪退潮,,,0,7,2,谨慎可打,,中：需看集合竞价承接,待验证/行情缺失,,,,,,,,,,,True,59030935.09,-20236258.830000002,,0.21179231722509692,0.17277300412086158,样本不足,1,0,0.0,1,1.0,0.0,0.03285556780595367,0.03285556780595367,0.0690187431091509,0.05314222712238137,,,10.17,14.53,15.32,收盘封住涨停；大环境：情绪退潮，只能做前排或强辨识度，后排回避；指数环境：指数下跌；首次封板偏晚，需要板块发酵、股性或大环境确认；首板/低板位溢价弹性需依赖题材和封板质量；未炸板；换手处于可承接区间；题材/行业热度一般：房屋建设；板块内封板排序第1，属于日内前排；今日涨停家数尚可；盘后龙虎榜净买入0.59亿，可改善次日风险；机构净卖出0.20亿,前一交易日本行业涨停样本缺失；同股历史涨停溢价样本不足；T+1行情缺失或未收盘：2026-09-03,AKShare/Eastmoney pools + local technical screener + local historical premium detail + Eastmoney LHB
2026-09-02,2026-09-03,600657,信达地产,涨停,1,10.10830307006836,3.05,,363209888.0,4.361259460449219,10:45:57,13:35:36,1,,房地产开,1,1,指数下跌,情绪退潮,,,0,6,2,谨慎可打,,中：需看集合竞价承接,待验证/行情缺失,,,,,,,,,,,True,20520835.43,0.0,,0.23999923209689922,0.1835006728575058,样本不足,,,,,,,,,,,是,2.919863700866699,10.03,13.0,14.23,收盘封住涨停；大环境：情绪退潮，只能做前排或强辨识度，后排回避；指数环境：指数下跌；首次封板偏晚，需要板块发酵、股性或大环境确认；首板/低板位溢价弹性需依赖题材和封板质量；炸板次数1次，可接受但需看承接；换手处于可承接区间；题材/行业热度一般：房地产开；板块内封板排序第1，属于日内前排；图形新高或强势池新高；今日涨停家数尚可；盘后龙虎榜净买入0.21亿，可改善次日风险,前一交易日本行业涨停样本缺失；同股历史涨停溢价样本不足；T+1行情缺失或未收盘：2026-09-03,AKShare/Eastmoney pools + local technical screener + local historical premium detail + Eastmoney LHB
2026-09-02,2026-09-03,603375,盛景微,涨停,1,10.002538681030273,43.33,,148700747.0,5.575870513916016,10:46:51,10:46:51,0,,半导体,1,1,指数下跌,情绪退潮,,,0,7,2,谨慎可打,,中：需看集合竞价承接,待验证/行情缺失,,,,,,,,,,,False,,,,,,样本不足,1,1,1.0,1,1.0,0.0,0.006276150627614996,0.006276150627614996,0.03646144650328753,-0.015540944411237434,,,8.8,11.38,16.76,收盘封住涨停；大环境：情绪退潮，只能做前排或强辨识度，后排回避；指数环境：指数下跌；首次封板偏晚，需要板块发酵、股性或大环境确认；首板/低板位溢价弹性需依赖题材和封板质量；未炸板；换手处于可承接区间；题材/行业热度一般：半导体；板块内封板排序第1，属于日内前排；今日涨停家数尚可,前一交易日本行业涨停样本缺失；同股历史涨停溢价样本不足；龙虎榜未上榜或未匹配；仅可作为盘后缺失项；T+1行情缺失或未收盘：2026-09-03,AKShare/Eastmoney pools + local technical screener + local historical premium detail + Eastmoney LHB
2026-09-02,2026-09-03,002708,光洋股份,涨停,1,10.023309707641602,14.16,,860937536.0,12.230667114257812,10:47:54,13:26:57,1,,汽车零部,3,5,指数下跌,情绪退潮,,,0,6,2,谨慎可打,,中：需看集合竞价承接,待验证/行情缺失,,,,,,,,,,,False,,,,,,样本不足,,,,,,,,,,,,,9.84,16.58,21.44,收盘封住涨停；大环境：情绪退潮，只能做前排或强辨识度，后排回避；指数环境：指数下跌；首次封板偏晚，需要板块发酵、股性或大环境确认；首板/低板位溢价弹性需依赖题材和封板质量；炸板次数1次，可接受但需看承接；换手处于可承接区间；所属行业在今日涨停/炸板热度前排：汽车零部；板块内封板排序第3，属于日内前排；今日涨停家数尚可,前一交易日本行业涨停样本缺失；同股历史涨停溢价样本不足；龙虎榜未上榜或未匹配；仅可作为盘后缺失项；T+1行情缺失或未收盘：2026-09-03,AKShare/Eastmoney pools + local technical screener + local historical premium detail + Eastmoney LHB
2026-09-02,2026-09-03,002297,博云新材,涨停,1,10.011000633239746,20.0,,1316296272.0,12.016816139221191,11:09:57,11:09:57,0,,航空装备,1,2,指数下跌,情绪退潮,,,0,7,0,谨慎可打,,低/可控,待验证/行情缺失,,,,,,,,,,,True,136366321.18,18702011.68,,0.19247421112893248,0.1160928152909356,样本不足,,,,,,,,,,,,,7.16,10.61,14.81,收盘封住涨停；大环境：情绪退潮，只能做前排或强辨识度，后排回避；指数环境：指数下跌；首次封板偏晚，需要板块发酵、股性或大环境确认；首板/低板位溢价弹性需依赖题材和封板质量；未炸板；换手处于可承接区间；题材/行业热度一般：航空装备；板块内封板排序第1，属于日内前排；今日涨停家数尚可；盘后龙虎榜净买入1.36亿，可改善次日风险；机构净买入0.19亿,前一交易日本行业涨停样本缺失；同股历史涨停溢价样本不足；T+1行情缺失或未收盘：2026-09-03,AKShare/Eastmoney pools + local technical screener + local historical premium detail + Eastmoney LHB
2026-09-02,2026-09-03,920006,晟楠科技,涨停,1,29.959041595458984,22.21,,259413132.0,26.068058013916016,11:13:09,11:13:09,0,,航空装备,2,2,指数下跌,情绪退潮,,,0,7,2,谨慎可打,,中：需看集合竞价承接,待验证/行情缺失,,,,,,,,,,,True,16655981.06,0.0,拉萨系:东方财富证券股份有限公司拉萨东环路第一证券营业部；武汉紫阳东路:国泰海通证券股份有限公司湖北武汉紫阳东路营业部,0.17487184583199536,0.09132390484520635,样本不足,,,,,,,,,,,是,8.960317611694336,28.8,37.17,46.99,收盘封住涨停；大环境：情绪退潮，只能做前排或强辨识度，后排回避；指数环境：指数下跌；首次封板偏晚，需要板块发酵、股性或大环境确认；首板/低板位溢价弹性需依赖题材和封板质量；未炸板；换手过高，次日抛压风险上升；题材/行业热度一般：航空装备；板块内封板排序第2，属于日内前排；图形新高或强势池新高；5日涨幅过高，次日兑现风险；今日涨停家数尚可；盘后龙虎榜净买入0.17亿，可改善次日风险；关注席位上榜：拉萨系:东方财富证券股份有限公司拉萨东环路第一证券营业部；武汉紫阳东路:国泰海通证券股份有限公司湖北武汉紫阳东路营业部,前一交易日本行业涨停样本缺失；同股历史涨停溢价样本不足；T+1行情缺失或未收盘：2026-09-03,AKShare/Eastmoney pools + local technical screener + local historical premium detail + Eastmoney LHB
2026-09-02,2026-09-03,603618,杭电股份,涨停,1,9.988180160522461,37.22,,4721844992.0,19.132558822631836,11:19:45,11:19:45,0,,电网设备,4,4,指数下跌,情绪退潮,,,0,6,3,谨慎可打,,中：需看集合竞价承接,待验证/行情缺失,,,,,,,,,,,False,,,,,,样本不足,1,1,1.0,1,1.0,0.0,0.01754385964912286,0.01754385964912286,0.03966437833714731,0.011060259344012335,否,1.2313655614852905,5.09,15.56,16.6,收盘封住涨停；大环境：情绪退潮，只能做前排或强辨识度，后排回避；指数环境：指数下跌；首次封板偏晚，需要板块发酵、股性或大环境确认；首板/低板位溢价弹性需依赖题材和封板质量；未炸板；成交额较大，具备市场辨识度；所属行业在今日涨停/炸板热度前排：电网设备；板块内封板排序第4，不是日内前排；今日涨停家数尚可,前一交易日本行业涨停样本缺失；同股历史涨停溢价样本不足；龙虎榜未上榜或未匹配；仅可作为盘后缺失项；T+1行情缺失或未收盘：2026-09-03,AKShare/Eastmoney pools + local technical screener + local historical premium detail + Eastmoney LHB
2026-09-02,2026-09-03,603270,金帝股份,涨停,1,10.006925582885742,31.77,,487265088.0,22.455013275146484,13:02:03,13:44:30,2,,通用设备,2,2,指数下跌,情绪退潮,,,0,4,3,不能打板,,中：需看集合竞价承接,待验证/行情缺失,,,,,,,,,,,False,,,,,,样本不足,,,,,,,,,,,否,2.434481620788574,8.47,11.18,15.03,收盘封住涨停；大环境：情绪退潮，只能做前排或强辨识度，后排回避；指数环境：指数下跌；首次封板偏晚，需要板块发酵、股性或大环境确认；首板/低板位溢价弹性需依赖题材和封板质量；炸板次数2次，可接受但需看承接；题材/行业热度一般：通用设备；板块内封板排序第2，属于日内前排；今日涨停家数尚可,前一交易日本行业涨停样本缺失；同股历史涨停溢价样本不足；龙虎榜未上榜或未匹配；仅可作为盘后缺失项；T+1行情缺失或未收盘：2026-09-03,AKShare/Eastmoney pools + local technical screener + local historical premium detail + Eastmoney LHB
2026-09-02,2026-09-03,001366,播恩集团,涨停,1,10.015174865722656,14.5,,121655961.0,5.399384498596191,13:08:54,13:08:54,0,,饲料,1,1,指数下跌,情绪退潮,,,0,8,2,可以打板,,中：需看集合竞价承接,待验证/行情缺失,,,,,,,,,,,False,,,,,,样本不足,,,,,,,,,,,是,1.7816698551177979,9.65,13.61,14.44,收盘封住涨停；大环境：情绪退潮，只能做前排或强辨识度，后排回避；指数环境：指数下跌；首次封板偏晚，需要板块发酵、股性或大环境确认；首板/低板位溢价弹性需依赖题材和封板质量；未炸板；换手处于可承接区间；题材/行业热度一般：饲料；板块内封板排序第1，属于日内前排；图形新高或强势池新高；今日涨停家数尚可,前一交易日本行业涨停样本缺失；同股历史涨停溢价样本不足；龙虎榜未上榜或未匹配；仅可作为盘后缺失项；T+1行情缺失或未收盘：2026-09-03,AKShare/Eastmoney pools + local technical screener + local historical premium detail + Eastmoney LHB
2026-09-02,2026-09-03,001326,联域股份,涨停,1,9.995504379272461,73.4,,210246986.0,12.701662063598633,13:12:51,13:12:51,0,,照明设备,1,1,指数下跌,情绪退潮,,,0,8,2,可以打板,,中：需看集合竞价承接,待验证/行情缺失,,,,,,,,,,,False,,,,,,样本不足,1,1,1.0,1,1.0,0.0,0.04529616724738683,0.04529616724738683,0.0650406504065042,0.05845915602013174,,,4.34,9.74,14.85,收盘封住涨停；大环境：情绪退潮，只能做前排或强辨识度，后排回避；指数环境：指数下跌；首次封板偏晚，需要板块发酵、股性或大环境确认；首板/低板位溢价弹性需依赖题材和封板质量；未炸板；换手处于可承接区间；题材/行业热度一般：照明设备；板块内封板排序第1，属于日内前排；接近年/三年高点，图形有辨识度；今日涨停家数尚可,前一交易日本行业涨停样本缺失；同股历史涨停溢价样本不足；龙虎榜未上榜或未匹配；仅可作为盘后缺失项；T+1行情缺失或未收盘：2026-09-03,AKShare/Eastmoney pools + local technical screener + local historical premium detail + Eastmoney LHB
2026-09-02,2026-09-03,003039,顺控发展,涨停,1,9.984025001525879,13.77,,258174121.0,3.215207815170288,13:14:06,13:14:06,0,,环境治理,1,1,指数下跌,情绪退潮,,,0,8,2,可以打板,,中：需看集合竞价承接,待验证/行情缺失,,,,,,,,,,,False,,,,,,样本不足,,,,,,,,,,,是,3.540973424911499,10.53,12.89,15.23,收盘封住涨停；大环境：情绪退潮，只能做前排或强辨识度，后排回避；指数环境：指数下跌；首次封板偏晚，需要板块发酵、股性或大环境确认；首板/低板位溢价弹性需依赖题材和封板质量；未炸板；换手处于可承接区间；题材/行业热度一般：环境治理；板块内封板排序第1，属于日内前排；图形新高或强势池新高；今日涨停家数尚可,前一交易日本行业涨停样本缺失；同股历史涨停溢价样本不足；龙虎榜未上榜或未匹配；仅可作为盘后缺失项；T+1行情缺失或未收盘：2026-09-03,AKShare/Eastmoney pools + local technical screener + local historical premium detail + Eastmoney LHB
2026-09-02,2026-09-03,001278,一彬科技,涨停,1,10.024154663085938,18.22,,61707944.0,4.143873691558838,13:19:00,13:19:00,0,,汽车零部,4,5,指数下跌,情绪退潮,,,0,6,4,谨慎可打（次日风险高）,,高：次日无溢价风险高,待验证/行情缺失,,,,,,,,,,,False,,,,,,样本不足,,,,,,,,,,,是,1.8767775297164917,8.75,10.93,12.12,收盘封住涨停；大环境：情绪退潮，只能做前排或强辨识度，后排回避；指数环境：指数下跌；首次封板偏晚，需要板块发酵、股性或大环境确认；首板/低板位溢价弹性需依赖题材和封板质量；未炸板；换手处于可承接区间；成交额过低，容量和滑点风险高；所属行业在今日涨停/炸板热度前排：汽车零部；板块内封板排序第4，不是日内前排；图形新高或强势池新高；今日涨停家数尚可,前一交易日本行业涨停样本缺失；同股历史涨停溢价样本不足；龙虎榜未上榜或未匹配；仅可作为盘后缺失项；T+1行情缺失或未收盘：2026-09-03,AKShare/Eastmoney pools + local technical screener + local historical premium detail + Eastmoney LHB
2026-09-02,2026-09-03,605118,力鼎光电,涨停,1,9.996806144714355,34.44,,458238176.0,3.4034578800201416,13:29:04,14:30:10,1,,计算机设,1,1,指数下跌,情绪退潮,,,0,5,3,谨慎可打,,中：需看集合竞价承接,待验证/行情缺失,,,,,,,,,,,False,,,,,,样本不足,,,,,,,,,,,否,2.594778537750244,9.06,14.29,22.21,收盘封住涨停；大环境：情绪退潮，只能做前排或强辨识度，后排回避；指数环境：指数下跌；首次封板偏晚，需要板块发酵、股性或大环境确认；首板/低板位溢价弹性需依赖题材和封板质量；炸板次数1次，可接受但需看承接；换手处于可承接区间；题材/行业热度一般：计算机设；板块内封板排序第1，属于日内前排；今日涨停家数尚可,前一交易日本行业涨停样本缺失；同股历史涨停溢价样本不足；龙虎榜未上榜或未匹配；仅可作为盘后缺失项；T+1行情缺失或未收盘：2026-09-03,AKShare/Eastmoney pools + local technical screener + local historical premium detail + Eastmoney LHB
2026-09-02,2026-09-03,603701,德宏股份,涨停,1,10.0,21.23,,178621472.0,3.3421642780303955,13:35:19,13:35:19,0,,汽车零部,5,5,指数下跌,情绪退潮,,,0,6,3,谨慎可打,,中：需看集合竞价承接,待验证/行情缺失,,,,,,,,,,,False,,,,,,样本不足,,,,,,,,,,,,,7.31,8.83,9.21,收盘封住涨停；大环境：情绪退潮，只能做前排或强辨识度，后排回避；指数环境：指数下跌；首次封板偏晚，需要板块发酵、股性或大环境确认；首板/低板位溢价弹性需依赖题材和封板质量；未炸板；换手处于可承接区间；所属行业在今日涨停/炸板热度前排：汽车零部；板块内封板排序第5，不是日内前排；今日涨停家数尚可,前一交易日本行业涨停样本缺失；同股历史涨停溢价样本不足；龙虎榜未上榜或未匹配；仅可作为盘后缺失项；T+1行情缺失或未收盘：2026-09-03,AKShare/Eastmoney pools + local technical screener + local historical premium detail + Eastmoney LHB
2026-09-02,2026-09-03,603665,康隆达,涨停,1,9.995124816894531,22.56,,118037570.0,3.437154769897461,13:50:12,13:50:12,0,,服装家纺,3,4,指数下跌,情绪退潮,,,0,8,1,可以打板,,低/可控,待验证/行情缺失,,,,,,,,,,,False,,,,,,样本不足,,,,,,,,,,,,,8.03,8.64,11.79,收盘封住涨停；大环境：情绪退潮，只能做前排或强辨识度，后排回避；指数环境：指数下跌；首次封板偏晚，需要板块发酵、股性或大环境确认；首板/低板位溢价弹性需依赖题材和封板质量；未炸板；换手处于可承接区间；所属行业在今日涨停/炸板热度前排：服装家纺；板块内封板排序第3，属于日内前排；今日涨停家数尚可,前一交易日本行业涨停样本缺失；同股历史涨停溢价样本不足；龙虎榜未上榜或未匹配；仅可作为盘后缺失项；T+1行情缺失或未收盘：2026-09-03,AKShare/Eastmoney pools + local technical screener + local historical premium detail + Eastmoney LHB
2026-09-02,2026-09-03,600589,大位科技,涨停,1,10.012674331665039,8.68,,1364961120.0,11.043329238891602,13:52:12,13:52:12,0,,IT服务Ⅱ,2,2,指数下跌,情绪退潮,,,0,7,2,谨慎可打,,中：需看集合竞价承接,待验证/行情缺失,,,,,,,,,,,False,,,,,,样本不足,,,,,,,,,,,,,7.85,11.38,16.51,收盘封住涨停；大环境：情绪退潮，只能做前排或强辨识度，后排回避；指数环境：指数下跌；首次封板偏晚，需要板块发酵、股性或大环境确认；首板/低板位溢价弹性需依赖题材和封板质量；未炸板；换手处于可承接区间；题材/行业热度一般：IT服务Ⅱ；板块内封板排序第2，属于日内前排；今日涨停家数尚可,前一交易日本行业涨停样本缺失；同股历史涨停溢价样本不足；龙虎榜未上榜或未匹配；仅可作为盘后缺失项；T+1行情缺失或未收盘：2026-09-03,AKShare/Eastmoney pools + local technical screener + local historical premium detail + Eastmoney LHB
2026-09-02,2026-09-03,603958,哈森股份,涨停,1,10.009225845336914,23.85,,743688720.0,14.875787734985352,14:09:38,14:09:38,0,,服装家纺,4,4,指数下跌,情绪退潮,,,0,6,3,谨慎可打,,中：需看集合竞价承接,待验证/行情缺失,,,,,,,,,,,False,,,,,,样本不足,1,0,0.0,1,1.0,0.0,0.046715328467153316,0.046715328467153316,0.10024330900243306,0.10024330900243306,,,5.06,7.78,0.76,收盘封住涨停；大环境：情绪退潮，只能做前排或强辨识度，后排回避；指数环境：指数下跌；首次封板偏晚，需要板块发酵、股性或大环境确认；首板/低板位溢价弹性需依赖题材和封板质量；未炸板；换手处于可承接区间；所属行业在今日涨停/炸板热度前排：服装家纺；板块内封板排序第4，不是日内前排；今日涨停家数尚可,前一交易日本行业涨停样本缺失；同股历史涨停溢价样本不足；龙虎榜未上榜或未匹配；仅可作为盘后缺失项；T+1行情缺失或未收盘：2026-09-03,AKShare/Eastmoney pools + local technical screener + local historical premium detail + Eastmoney LHB
2026-09-02,2026-09-03,002490,山东墨龙,炸板,0,3.9473681449890137,8.69,9.2,1115354480.0,23.333452224731445,09:25:00,,1,-0.05543478260869561,专用设备,1,3,指数下跌,情绪退潮,,,0,5,1,炸板可接受/反包观察,炸板可接受/反包观察,低/可控,待验证/行情缺失,,,,,,,,,,,False,,,,,,样本不足,,,,,,,,,,,,,3.45,5.3,7.95,炸板样本：不直接判错，单独看炸板质量；大环境：情绪退潮，只能做前排或强辨识度，后排回避；指数环境：指数下跌；首次封板在10:30前，只作为前排证据之一；首板/低板位溢价弹性需依赖题材和封板质量；炸板次数1次，可接受但需看承接；所属行业在今日涨停/炸板热度前排：专用设备；板块内封板排序第1，属于日内前排；今日涨停家数尚可,前一交易日本行业涨停样本缺失；同股历史涨停溢价样本不足；龙虎榜未上榜或未匹配；仅可作为盘后缺失项；T+1行情缺失或未收盘：2026-09-03,AKShare/Eastmoney pools + local technical screener + local historical premium detail + Eastmoney LHB
2026-09-02,2026-09-03,002679,福建金森,炸板,4,-5.189775466918945,12.24,14.2,579003424.0,19.556257247924805,09:25:00,,1,-0.13802816901408443,林业Ⅱ,1,1,指数下跌,情绪退潮,,,0,6,5,炸板失败/不能打,炸板失败/不能打,高：次日无溢价风险高,待验证/行情缺失,,,,,,,,,,,True,-53946411.91,-12519204.5,,0.06799994870842006,0.1624024010939514,样本不足,,,,,,,,,,,是,7.23638391494751,6.88,17.37,27.1,炸板样本：不直接判错，单独看炸板质量；大环境：情绪退潮，只能做前排或强辨识度，后排回避；指数环境：指数下跌；首次封板在10:30前，只作为前排证据之一；3板以上有辨识度；炸板次数1次，可接受但需看承接；题材/行业热度一般：林业Ⅱ；板块内封板排序第1，属于日内前排；图形新高或强势池新高；炸板后回落较深，失败属性更重；今日涨停家数尚可；盘后龙虎榜净卖出0.54亿，次日风险上升；机构净卖出0.13亿；卖方集中度明显高于买方,前一交易日本行业涨停样本缺失；同股历史涨停溢价样本不足；T+1行情缺失或未收盘：2026-09-03,AKShare/Eastmoney pools + local technical screener + local historical premium detail + Eastmoney LHB
2026-09-02,2026-09-03,600121,郑州煤电,炸板,3,-1.8518518209457397,5.3,5.94,1906270240.0,27.821029663085938,09:25:00,,2,-0.10774410774410781,煤炭开采,1,1,指数下跌,情绪退潮,,,0,6,2,炸板可接受/反包观察,炸板可接受/反包观察,中：需看集合竞价承接,待验证/行情缺失,,,,,,,,,,,True,6773484.84,0.0,,0.10011562522716479,0.09656235943952551,样本不足,,,,,,,,,,,是,2.6044418811798096,8.87,18.59,26.79,炸板样本：不直接判错，单独看炸板质量；大环境：情绪退潮，只能做前排或强辨识度，后排回避；指数环境：指数下跌；首次封板在10:30前，只作为前排证据之一；3板以上有辨识度；炸板次数2次，可接受但需看承接；换手过高，次日抛压风险上升；题材/行业热度一般：煤炭开采；板块内封板排序第1，属于日内前排；图形新高或强势池新高；炸板后回落较深，失败属性更重；今日涨停家数尚可；盘后龙虎榜净买入0.07亿，可改善次日风险,前一交易日本行业涨停样本缺失；同股历史涨停溢价样本不足；T+1行情缺失或未收盘：2026-09-03,AKShare/Eastmoney pools + local technical screener + local historical premium detail + Eastmoney LHB
2026-09-02,2026-09-03,600540,新赛股份,炸板,5,9.967320442199707,6.73,6.73,1443549376.0,37.503726959228516,09:25:01,,6,0.0,种植业,1,2,指数下跌,情绪退潮,,,0,7,4,可打但炸板/反包观察,可打但炸板/反包观察,高：次日无溢价风险高,待验证/行情缺失,,,,,,,,,,,True,-772349.810000002,0.0,成都北一环:国泰海通证券股份有限公司成都北一环路证券营业部,0.10257588518535633,0.10311092043880567,样本不足,1,1,1.0,1,1.0,0.0,0.04699738903394257,0.04699738903394257,0.04699738903394257,0.005221932114882533,是,9.29359245300293,19.96,39.05,61.39,炸板样本：不直接判错，单独看炸板质量；大环境：情绪退潮，只能做前排或强辨识度，后排回避；指数环境：指数下跌；首次封板在10:30前，只作为前排证据之一；3板以上有辨识度；炸板次数6次，封板分歧大；换手过高，次日抛压风险上升；题材/行业热度一般：种植业；板块内封板排序第1，属于日内前排；图形新高或强势池新高；5日涨幅过高，次日兑现风险；炸板后收盘距涨停价较近，仍有反包观察价值；今日涨停家数尚可；盘后龙虎榜净卖出0.01亿，次日风险上升；关注席位上榜：成都北一环:国泰海通证券股份有限公司成都北一环路证券营业部,前一交易日本行业涨停样本缺失；同股历史涨停溢价样本不足；T+1行情缺失或未收盘：2026-09-03,AKShare/Eastmoney pools + local technical screener + local historical premium detail + Eastmoney LHB
2026-09-02,2026-09-03,600792,云煤能源,炸板,2,-2.7149322032928467,4.3,4.86,608980592.0,12.052165985107422,09:30:02,,1,-0.11522633744855981,焦炭Ⅱ,1,1,指数下跌,情绪退潮,,,0,6,3,炸板可接受/反包观察,炸板可接受/反包观察,中：需看集合竞价承接,待验证/行情缺失,,,,,,,,,,,False,,,,,,样本不足,,,,,,,,,,,是,4.398148059844971,4.42,9.53,11.69,炸板样本：不直接判错，单独看炸板质量；大环境：情绪退潮，只能做前排或强辨识度，后排回避；指数环境：指数下跌；首次封板在10:30前，只作为前排证据之一；2板承接优于普通首板；炸板次数1次，可接受但需看承接；换手处于可承接区间；题材/行业热度一般：焦炭Ⅱ；板块内封板排序第1，属于日内前排；图形新高或强势池新高；炸板后回落较深，失败属性更重；今日涨停家数尚可,前一交易日本行业涨停样本缺失；同股历史涨停溢价样本不足；龙虎榜未上榜或未匹配；仅可作为盘后缺失项；T+1行情缺失或未收盘：2026-09-03,AKShare/Eastmoney pools + local technical screener + local historical premium detail + Eastmoney LHB
2026-09-02,2026-09-03,000520,凤凰航运,炸板,0,-0.9456264972686768,4.19,4.65,381587120.0,8.65018081665039,09:30:06,,1,-0.09892473118279566,航运港口,1,1,指数下跌,情绪退潮,,,0,3,4,炸板可接受/反包观察,炸板可接受/反包观察,高：次日无溢价风险高,待验证/行情缺失,,,,,,,,,,,False,,,,,,样本不足,,,,,,,,,,,,,-0.62,-1.27,0.24,炸板样本：不直接判错，单独看炸板质量；大环境：情绪退潮，只能做前排或强辨识度，后排回避；指数环境：指数下跌；首次封板在10:30前，只作为前排证据之一；首板/低板位溢价弹性需依赖题材和封板质量；炸板次数1次，可接受但需看承接；换手处于可承接区间；题材/行业热度一般：航运港口；板块内封板排序第1，属于日内前排；炸板后回落较深，失败属性更重；今日涨停家数尚可,前一交易日本行业涨停样本缺失；同股历史涨停溢价样本不足；龙虎榜未上榜或未匹配；仅可作为盘后缺失项；T+1行情缺失或未收盘：2026-09-03,AKShare/Eastmoney pools + local technical screener + local historical premium detail + Eastmoney LHB
2026-09-02,2026-09-03,603221,爱丽家居,炸板,2,9.230769157409668,33.37,33.61,901875696.0,11.341633796691895,09:33:06,,1,-0.007140731925022403,家居用品,1,2,指数下跌,情绪退潮,,,0,10,-2,可打但炸板/反包观察,可打但炸板/反包观察,低/可控,待验证/行情缺失,,,,,,,,,,,True,5529034.66000001,0.0,拉萨系:东方财富证券股份有限公司拉萨金融城南环路证券营业部,0.06589641274913453,0.06119003515836949,股性偏强,9,1,0.1111111111111111,8,0.875,0.125,0.08004484476756009,0.09857733175914984,0.0872049899874068,0.0862973659454544,是,1.7948288917541504,11.65,17.06,27.37,炸板样本：不直接判错，单独看炸板质量；大环境：情绪退潮，只能做前排或强辨识度，后排回避；指数环境：指数下跌；首次封板在10:30前，只作为前排证据之一；2板承接优于普通首板；炸板次数1次，可接受但需看承接；换手处于可承接区间；题材/行业热度一般：家居用品；板块内封板排序第1，属于日内前排；图形新高或强势池新高；炸板后收盘距涨停价较近，仍有反包观察价值；今日涨停家数尚可；三年股性偏强：涨停样本9，次日开盘有溢价率87.5%，均值8.0%；盘后龙虎榜净买入0.06亿，可改善次日风险；关注席位上榜：拉萨系:东方财富证券股份有限公司拉萨金融城南环路证券营业部,前一交易日本行业涨停样本缺失；T+1行情缺失或未收盘：2026-09-03,AKShare/Eastmoney pools + local technical screener + local historical premium detail + Eastmoney LHB
2026-09-02,2026-09-03,603721,中广天择,炸板,3,2.2846262454986572,21.49,23.11,665011856.0,23.23887062072754,09:33:30,,2,-0.07009952401557773,影视院线,2,2,指数下跌,情绪退潮,,,0,5,2,炸板可接受/反包观察,炸板可接受/反包观察,中：需看集合竞价承接,待验证/行情缺失,,,,,,,,,,,False,,,,,,样本不足,1,1,1.0,1,1.0,0.0,0.020266357845975858,0.020266357845975858,0.0486392588303417,0.01737116386797921,否,7.887076377868652,11.43,16.19,19.72,炸板样本：不直接判错，单独看炸板质量；大环境：情绪退潮，只能做前排或强辨识度，后排回避；指数环境：指数下跌；首次封板在10:30前，只作为前排证据之一；3板以上有辨识度；炸板次数2次，可接受但需看承接；题材/行业热度一般：影视院线；板块内封板排序第2，属于日内前排；炸板后回落较深，失败属性更重；今日涨停家数尚可,前一交易日本行业涨停样本缺失；同股历史涨停溢价样本不足；龙虎榜未上榜或未匹配；仅可作为盘后缺失项；T+1行情缺失或未收盘：2026-09-03,AKShare/Eastmoney pools + local technical screener + local historical premium detail + Eastmoney LHB
2026-09-02,2026-09-03,603336,宏辉果蔬,炸板,0,3.0010719299316406,9.61,10.26,332979408.0,5.592860221862793,09:38:51,,1,-0.06335282651072127,种植业,2,2,指数下跌,情绪退潮,,,0,3,4,炸板可接受/反包观察,炸板可接受/反包观察,高：次日无溢价风险高,待验证/行情缺失,,,,,,,,,,,False,,,,,,样本不足,1,0,0.0,1,1.0,0.0,0.022517911975435068,0.022517911975435068,0.05936540429887405,0.01944728761514858,,,1.48,3.27,5.14,炸板样本：不直接判错，单独看炸板质量；大环境：情绪退潮，只能做前排或强辨识度，后排回避；指数环境：指数下跌；首次封板在10:30前，只作为前排证据之一；首板/低板位溢价弹性需依赖题材和封板质量；炸板次数1次，可接受但需看承接；换手处于可承接区间；题材/行业热度一般：种植业；板块内封板排序第2，属于日内前排；炸板后回落较深，失败属性更重；今日涨停家数尚可,前一交易日本行业涨停样本缺失；同股历史涨停溢价样本不足；龙虎榜未上榜或未匹配；仅可作为盘后缺失项；T+1行情缺失或未收盘：2026-09-03,AKShare/Eastmoney pools + local technical screener + local historical premium detail + Eastmoney LHB
2026-09-02,2026-09-03,002278,神开股份,炸板,0,5.966587066650391,8.88,9.22,539777616.0,16.74077033996582,09:44:12,,1,-0.03687635574837311,专用设备,3,3,指数下跌,情绪退潮,,,0,7,1,可打但炸板/反包观察,可打但炸板/反包观察,低/可控,待验证/行情缺失,,,,,,,,,,,False,,,,,,样本不足,,,,,,,,,,,是,8.973368644714355,5.46,7.07,6.99,炸板样本：不直接判错，单独看炸板质量；大环境：情绪退潮，只能做前排或强辨识度，后排回避；指数环境：指数下跌；首次封板在10:30前，只作为前排证据之一；首板/低板位溢价弹性需依赖题材和封板质量；炸板次数1次，可接受但需看承接；换手处于可承接区间；所属行业在今日涨停/炸板热度前排：专用设备；板块内封板排序第3，属于日内前排；图形新高或强势池新高；今日涨停家数尚可,前一交易日本行业涨停样本缺失；同股历史涨停溢价样本不足；龙虎榜未上榜或未匹配；仅可作为盘后缺失项；T+1行情缺失或未收盘：2026-09-03,AKShare/Eastmoney pools + local technical screener + local historical premium detail + Eastmoney LHB
2026-09-02,2026-09-03,002963,豪尔赛,炸板,0,1.82741117477417,20.06,21.67,410449088.0,13.329955101013184,09:46:09,,1,-0.07429626211352114,装修装饰,1,1,指数下跌,情绪退潮,,,0,4,3,炸板可接受/反包观察,炸板可接受/反包观察,中：需看集合竞价承接,待验证/行情缺失,,,,,,,,,,,False,,,,,,股性偏强,6,2,0.3333333333333333,6,0.8333333333333334,0.16666666666666666,0.04969301810153073,0.05708026478159256,0.08973900674551327,0.0510811840021221,,,0.23,2.43,-10.25,炸板样本：不直接判错，单独看炸板质量；大环境：情绪退潮，只能做前排或强辨识度，后排回避；指数环境：指数下跌；首次封板在10:30前，只作为前排证据之一；首板/低板位溢价弹性需依赖题材和封板质量；炸板次数1次，可接受但需看承接；换手处于可承接区间；题材/行业热度一般：装修装饰；板块内封板排序第1，属于日内前排；炸板后回落较深，失败属性更重；今日涨停家数尚可；三年股性偏强：涨停样本6，次日开盘有溢价率83.3%，均值5.0%,前一交易日本行业涨停样本缺失；龙虎榜未上榜或未匹配；仅可作为盘后缺失项；T+1行情缺失或未收盘：2026-09-03,AKShare/Eastmoney pools + local technical screener + local historical premium detail + Eastmoney LHB
2026-09-02,2026-09-03,603001,奥康国际,炸板,0,3.599550247192383,9.21,9.78,375199632.0,9.863667488098145,09:57:53,,2,-0.05828220858895694,服装家纺,2,4,指数下跌,情绪退潮,,,0,6,1,炸板可接受/反包观察,炸板可接受/反包观察,低/可控,待验证/行情缺失,,,,,,,,,,,False,,,,,,样本不足,,,,,,,,,,,,,5.47,9.08,12.32,炸板样本：不直接判错，单独看炸板质量；大环境：情绪退潮，只能做前排或强辨识度，后排回避；指数环境：指数下跌；首次封板在10:30前，只作为前排证据之一；首板/低板位溢价弹性需依赖题材和封板质量；炸板次数2次，可接受但需看承接；换手处于可承接区间；所属行业在今日涨停/炸板热度前排：服装家纺；板块内封板排序第2，属于日内前排；今日涨停家数尚可,前一交易日本行业涨停样本缺失；同股历史涨停溢价样本不足；龙虎榜未上榜或未匹配；仅可作为盘后缺失项；T+1行情缺失或未收盘：2026-09-03,AKShare/Eastmoney pools + local technical screener + local historical premium detail + Eastmoney LHB
2026-09-02,2026-09-03,002660,茂硕电源,炸板,0,5.069708347320557,8.29,8.68,393903296.0,13.847136497497559,10:06:24,,1,-0.04493087557603692,消费电子,2,2,指数下跌,情绪退潮,,,0,5,3,炸板可接受/反包观察,炸板可接受/反包观察,中：需看集合竞价承接,待验证/行情缺失,,,,,,,,,,,False,,,,,,样本不足,,,,,,,,,,,是,3.1396093368530273,4.36,7.55,9.66,炸板样本：不直接判错，单独看炸板质量；大环境：情绪退潮，只能做前排或强辨识度，后排回避；指数环境：指数下跌；首次封板偏晚，需要板块发酵、股性或大环境确认；首板/低板位溢价弹性需依赖题材和封板质量；炸板次数1次，可接受但需看承接；换手处于可承接区间；题材/行业热度一般：消费电子；板块内封板排序第2，属于日内前排；图形新高或强势池新高；今日涨停家数尚可,前一交易日本行业涨停样本缺失；同股历史涨停溢价样本不足；龙虎榜未上榜或未匹配；仅可作为盘后缺失项；T+1行情缺失或未收盘：2026-09-03,AKShare/Eastmoney pools + local technical screener + local historical premium detail + Eastmoney LHB
2026-09-02,2026-09-03,003040,楚天龙,炸板,2,7.865169048309326,21.12,21.54,3051835568.0,32.32765579223633,10:22:30,,1,-0.01949860724233976,通信设备,2,2,指数下跌,情绪退潮,,,0,8,5,可打但炸板/反包观察,可打但炸板/反包观察,高：次日无溢价风险高,待验证/行情缺失,,,,,,,,,,,True,-83404895.55,-123631847.9,,0.084141594297223,0.10114454908171124,样本不足,2,0,0.0,2,0.5,0.5,0.015650080256821797,0.015650080256821797,0.09297649272041142,0.07572127602699241,是,1.385038137435913,10.31,26.67,24.02,炸板样本：不直接判错，单独看炸板质量；大环境：情绪退潮，只能做前排或强辨识度，后排回避；指数环境：指数下跌；首次封板偏晚，需要板块发酵、股性或大环境确认；2板承接优于普通首板；炸板次数1次，可接受但需看承接；换手过高，次日抛压风险上升；成交额较大，具备市场辨识度；题材/行业热度一般：通信设备；板块内封板排序第2，属于日内前排；图形新高或强势池新高；炸板后收盘距涨停价较近，仍有反包观察价值；今日涨停家数尚可；盘后龙虎榜净卖出0.83亿，次日风险上升；机构净卖出1.24亿,前一交易日本行业涨停样本缺失；同股历史涨停溢价样本不足；T+1行情缺失或未收盘：2026-09-03,AKShare/Eastmoney pools + local technical screener + local historical premium detail + Eastmoney LHB
2026-09-02,2026-09-03,000985,大庆华科,炸板,0,2.8806583881378174,17.5,18.71,176264348.0,7.608221054077148,13:01:18,,1,-0.06467129877071087,炼化及贸,1,1,指数下跌,情绪退潮,,,0,3,5,炸板失败/不能打,炸板失败/不能打,高：次日无溢价风险高,待验证/行情缺失,,,,,,,,,,,False,,,,,,样本不足,,,,,,,,,,,是,3.4507699012756348,3.24,6.11,8.43,炸板样本：不直接判错，单独看炸板质量；大环境：情绪退潮，只能做前排或强辨识度，后排回避；指数环境：指数下跌；首次封板偏晚，需要板块发酵、股性或大环境确认；首板/低板位溢价弹性需依赖题材和封板质量；炸板次数1次，可接受但需看承接；换手处于可承接区间；题材/行业热度一般：炼化及贸；板块内封板排序第1，属于日内前排；图形新高或强势池新高；炸板后回落较深，失败属性更重；今日涨停家数尚可,前一交易日本行业涨停样本缺失；同股历史涨停溢价样本不足；龙虎榜未上榜或未匹配；仅可作为盘后缺失项；T+1行情缺失或未收盘：2026-09-03,AKShare/Eastmoney pools + local technical screener + local historical premium detail + Eastmoney LHB
